Date,TSLA,MSFT,AMZN,GOOGL,AAPL
2022-12-05,182.4499969482422,244.35768127441406,91.01000213623047,98.798583984375,144.45079040527344
2022-12-06,179.82000732421875,239.3962860107422,88.25,96.3156967163086,140.78607177734375
2022-12-07,174.0399932861328,238.66378784179688,88.45999908447266,94.2896728515625,138.84535217285156
2022-12-08,173.44000244140625,241.623046875,90.3499984741211,93.06809997558594,140.52993774414062
2022-12-09,179.0500030517578,239.6892852783203,89.08999633789062,92.19412994384766,140.04722595214844
2022-12-12,167.82000732421875,246.6137237548828,90.55000305175781,92.67084503173828,142.3425750732422
2022-12-13,160.9499969482422,250.92076110839844,92.48999786376953,94.9749526977539,143.3080291748047
2022-12-14,156.8000030517578,251.21372985839844,91.58000183105469,94.41876983642578,141.0816192626953
2022-12-15,157.6699981689453,243.19541931152344,88.44999694824219,90.23760986328125,134.47134399414062
2022-12-16,150.22999572753906,238.976318359375,87.86000061035156,89.6417236328125,132.5109100341797
2022-12-19,149.8699951171875,234.8353271484375,84.91999816894531,87.8342056274414,130.40269470214844
2022-12-20,137.8000030517578,236.15382385253906,85.19000244140625,88.41021728515625,130.33375549316406
2022-12-21,137.57000732421875,238.72238159179688,86.7699966430664,88.96639251708984,133.43690490722656
2022-12-22,125.3499984741211,232.6280975341797,83.79000091552734,87.15885162353516,130.26478576660156
2022-12-23,123.1500015258789,233.1554718017578,85.25,88.61878967285156,129.9002685546875
2022-12-27,109.0999984741211,231.42684936523438,83.04000091552734,86.7913818359375,128.0974884033203
2022-12-28,112.70999908447266,229.0535430908203,81.81999969482422,85.43077087402344,124.16679382324219
2022-12-29,121.81999969482422,235.38226318359375,84.18000030517578,87.84412384033203,127.68373107910156
2022-12-30,123.18000030517578,234.22003173828125,84.0,87.62564849853516,127.99899291992188
2023-01-03,108.0999984741211,233.98561096191406,85.81999969482422,88.50953674316406,123.2112045288086
2023-01-04,113.63999938964844,223.7503662109375,85.13999938964844,87.47666931152344,124.48204040527344
2023-01-05,110.33999633789062,217.11891174316406,83.12000274658203,85.60954284667969,123.16194915771484
2023-01-06,113.05999755859375,219.67770385742188,86.08000183105469,86.74172973632812,127.69358825683594
2023-01-09,119.7699966430664,221.81658935546875,87.36000061035156,87.41706848144531,128.21572875976562
2023-01-10,118.8499984741211,223.50619506835938,89.87000274658203,87.81433868408203,128.78709411621094
2023-01-11,123.22000122070312,230.26461791992188,95.08999633789062,90.89311218261719,131.50607299804688
2023-01-12,123.55999755859375,232.94061279296875,95.2699966430664,90.50576782226562,131.4272918701172
2023-01-13,122.4000015258789,233.64381408691406,98.12000274658203,91.48899841308594,132.7572021484375
2023-01-17,131.49000549316406,234.73768615722656,96.05000305175781,90.6646728515625,133.9196319580078
2023-01-18,128.77999877929688,230.30368041992188,95.45999908447266,90.49583435058594,133.2005157470703
2023-01-19,127.16999816894531,226.51426696777344,93.68000030517578,92.4126205444336,133.25962829589844
2023-01-20,133.4199981689453,234.61070251464844,97.25,97.34856414794922,135.82098388671875
2023-01-23,143.75,236.9156036376953,97.5199966430664,99.10645294189453,139.0128173828125
2023-01-24,143.88999938964844,236.38821411132812,96.31999969482422,97.03076934814453,140.41172790527344
2023-01-25,144.42999267578125,234.9915771484375,97.18000030517578,94.5677719116211,139.75167846679688
2023-01-26,160.27000427246094,242.20899963378906,99.22000122070312,96.85199737548828,141.82046508789062
2023-01-27,177.89999389648438,242.3652801513672,102.23999786376953,98.68933868408203,143.76116943359375
2023-01-30,166.66000366210938,237.04257202148438,100.55000305175781,96.2759780883789,140.87474060058594
2023-01-31,173.22000122070312,242.02345275878906,103.12999725341797,98.16295623779297,142.14553833007812
2023-02-01,181.41000366210938,246.84811401367188,105.1500015258789,99.7420654296875,143.26861572265625
2023-02-02,188.27000427246094,258.4214172363281,112.91000366210938,107.00199890136719,148.57850646972656
2023-02-03,189.97999572753906,252.3173370361328,103.38999938964844,104.06227111816406,152.20382690429688
2023-02-06,194.75999450683594,250.7742156982422,102.18000030517578,102.19515991210938,149.47499084472656
2023-02-07,196.80999755859375,261.312255859375,102.11000061035156,106.9026870727539,152.35157775878906
2023-02-08,201.2899932861328,260.5016784667969,100.05000305175781,98.68933868408203,149.66217041015625
2023-02-09,207.32000732421875,257.46435546875,98.23999786376953,94.35919189453125,148.62774658203125
2023-02-10,196.88999938964844,256.95648193359375,97.61000061035156,93.9222183227539,148.99282836914062
2023-02-13,194.63999938964844,264.9845275878906,99.54000091552734,93.9619369506836,151.7948760986328
2023-02-14,209.25,265.8146667480469,99.69999694824219,94.03145599365234,151.15357971191406
2023-02-15,214.24000549316406,263.6900329589844,101.16000366210938,96.2759780883789,153.255126953125
2023-02-16,202.0399932861328,256.6698913574219,98.1500015258789,94.85577392578125,151.65676879882812
2023-02-17,208.30999755859375,252.66539001464844,97.19999694824219,93.7037124633789,150.5122528076172
2023-02-21,197.3699951171875,247.38807678222656,94.58000183105469,91.1612548828125,146.49661254882812
2023-02-22,200.86000061035156,246.25233459472656,95.79000091552734,91.02220916748047,146.92086791992188
2023-02-23,202.07000732421875,249.44418334960938,95.81999969482422,90.26741027832031,147.40432739257812
2023-02-24,196.8800048828125,244.01019287109375,93.5,88.51947021484375,144.75025939941406
2023-02-27,207.6300048828125,244.93051147460938,93.76000213623047,89.25440979003906,145.944091796875
2023-02-28,205.7100067138672,244.20602416992188,94.2300033569336,89.44310760498047,145.44091796875
2023-03-01,202.77000427246094,241.1218719482422,92.16999816894531,89.74104309082031,143.36895751953125
2023-03-02,190.89999389648438,245.86068725585938,92.12999725341797,91.36981964111328,143.96096801757812
2023-03-03,197.7899932861328,249.95327758789062,94.9000015258789,93.00851440429688,149.01254272460938
2023-03-06,193.80999755859375,251.50027465820312,93.75,94.47836303710938,151.77517700195312
2023-03-07,187.7100067138672,248.83714294433594,93.55000305175781,93.21707916259766,149.57496643066406
2023-03-08,182.0,248.39654541015625,93.91999816894531,93.60440063476562,150.8280029296875
2023-03-09,172.9199981689453,247.04541015625,92.25,91.6876220703125,148.57843017578125
2023-03-10,173.44000244140625,243.3933563232422,90.7300033569336,90.00920104980469,146.516357421875
2023-03-13,174.47999572753906,248.61195373535156,92.43000030517578,90.48590850830078,148.46002197265625
2023-03-14,183.25999450683594,255.33836364746094,94.87999725341797,93.3263168334961,150.55172729492188
2023-03-15,180.4499969482422,259.89117431640625,96.19999694824219,95.45166015625,150.94639587402344
2023-03-16,184.1300048828125,270.42620849609375,100.04000091552734,99.63282775878906,153.76817321777344
2023-03-17,180.1300048828125,273.5887145996094,98.94999694824219,100.9239273071289,152.9295196533203
2023-03-20,183.25,266.53912353515625,97.70999908447266,100.52665710449219,155.29745483398438
2023-03-21,197.5800018310547,268.0567626953125,100.61000061035156,104.20130920410156,157.15234375
2023-03-22,191.14999389648438,266.597900390625,98.69999694824219,102.66192626953125,155.7217254638672
2023-03-23,192.22000122070312,271.8556213378906,98.70999908447266,104.87664794921875,156.80703735351562
2023-03-24,190.41000366210938,274.70477294921875,98.12999725341797,104.71775817871094,158.10939025878906
2023-03-27,191.80999755859375,270.6024169921875,98.04000091552734,101.75816345214844,156.1656951904297
2023-03-28,189.19000244140625,269.4764709472656,97.23999786376953,100.33795928955078,155.5441131591797
2023-03-29,193.8800048828125,274.6460876464844,100.25,100.69548797607422,158.6224822998047
2023-03-30,195.27999877929688,278.112060546875,102.0,100.19892120361328,160.1912078857422
2023-03-31,207.4600067138672,282.2732238769531,103.29000091552734,103.01946258544922,162.69728088378906
2023-04-03,194.77000427246094,281.22564697265625,102.41000366210938,103.64514923095703,163.9503173828125
2023-04-04,192.5800018310547,281.17669677734375,103.94999694824219,104.002685546875,163.41751098632812
2023-04-05,185.52000427246094,278.39599609375,101.0999984741211,103.75440216064453,161.572509765625
2023-04-06,185.05999755859375,285.5042724609375,102.05999755859375,107.67733764648438,162.4604949951172
2023-04-10,184.50999450683594,283.3404846191406,102.16999816894531,105.7109146118164,159.8656463623047
2023-04-11,186.7899932861328,276.9176025390625,99.91999816894531,104.62836456298828,158.6520538330078
2023-04-12,180.5399932861328,277.5638122558594,97.83000183105469,103.92322540283203,157.96139526367188
2023-04-13,185.89999389648438,283.7811279296875,102.4000015258789,106.69412231445312,163.34848022460938
2023-04-14,185.0,280.15838623046875,102.51000213623047,108.12425994873047,163.00314331054688
2023-04-17,187.0399932861328,282.7627868652344,102.73999786376953,105.24412536621094,163.02288818359375
2023-04-18,184.30999755859375,282.3418273925781,102.30000305175781,103.7841796875,164.24630737304688
2023-04-19,180.58999633789062,282.4200744628906,104.30000305175781,103.46638488769531,165.39083862304688
2023-04-20,162.99000549316406,280.12896728515625,103.80999755859375,104.56877899169922,164.42388916015625
2023-04-21,165.0800018310547,279.786376953125,106.95999908447266,104.68795776367188,162.815673828125
2023-04-24,162.5500030517578,275.8797607421875,106.20999908447266,105.24412536621094,163.12152099609375
2023-04-25,160.6699981689453,269.66253662109375,102.56999969482422,103.13863372802734,161.5823974609375
2023-04-26,153.75,289.1954345703125,104.9800033569336,102.99959564208984,161.572509765625
2023-04-27,160.19000244140625,298.4576416015625,109.81999969482422,106.85301971435547,166.160400390625
2023-04-28,164.30999755859375,300.8369445800781,105.44999694824219,106.60472869873047,167.41342163085938
2023-05-01,161.8300018310547,299.1724548339844,102.05000305175781,106.46568298339844,167.32464599609375
2023-05-02,160.30999755859375,299.0255126953125,103.62999725341797,104.59857177734375,166.28863525390625
2023-05-03,160.61000061035156,298.0366516113281,103.6500015258789,104.68795776367188,165.21319580078125
2023-05-04,161.1999969482422,299.0255126953125,104.0,103.97289276123047,163.5753936767578
2023-05-05,170.05999755859375,304.1559753417969,105.66000366210938,104.84686279296875,171.25149536132812
2023-05-08,171.7899932861328,302.1978454589844,105.83000183105469,107.03178405761719,171.18240356445312
2023-05-09,169.14999389648438,300.5823669433594,106.62000274658203,106.61466979980469,169.47552490234375
2023-05-10,168.5399932861328,305.78131103515625,110.19000244140625,110.98452758789062,171.24160766601562
2023-05-11,172.0800018310547,303.6272888183594,112.18000030517578,115.7715072631836,171.4290771484375
2023-05-12,167.97999572753906,302.51116943359375,110.26000213623047,116.705078125,170.5003662109375
2023-05-15,166.35000610351562,302.99090576171875,111.19999694824219,115.71192169189453,170.00633239746094
2023-05-16,166.52000427246094,305.22320556640625,113.4000015258789,118.6913833618164,170.00633239746094
2023-05-17,173.86000061035156,308.1080322265625,115.5,120.01226043701172,170.61891174316406
2023-05-18,176.88999938964844,312.543212890625,118.1500015258789,121.98863220214844,172.95059204101562
2023-05-19,180.13999938964844,312.3666687011719,116.25,121.91910552978516,173.05929565429688
2023-05-22,188.8699951171875,315.1533203125,115.01000213623047,124.19342803955078,172.1107635498047
2023-05-23,185.77000427246094,309.3444519042969,114.98999786376953,121.7204818725586,169.50242614746094
2023-05-24,182.89999389648438,307.9608459472656,116.75,120.07185363769531,169.77908325195312
2023-05-25,184.47000122070312,319.804443359375,115.0,122.63419342041016,170.91531372070312
2023-05-26,193.1699981689453,326.6436462402344,120.11000061035156,123.75643920898438,173.3260040283203
2023-05-30,201.16000366210938,324.9951477050781,121.66000366210938,122.82288360595703,175.17361450195312
2023-05-31,203.92999267578125,322.2280578613281,120.58000183105469,122.02836608886719,175.1241912841797
2023-06-01,207.52000427246094,326.33941650390625,122.7699966430664,122.8725357055664,177.9301300048828
2023-06-02,213.97000122070312,329.10650634765625,124.25,123.81602478027344,178.7798309326172
2023-06-05,217.61000061035156,329.63641357421875,125.30000305175781,125.14684295654297,177.42626953125
2023-06-06,221.30999755859375,327.4187927246094,126.61000061035156,126.43795776367188,177.06068420410156
2023-06-07,224.57000732421875,317.3120422363281,121.2300033569336,121.660888671875,175.6873779296875
2023-06-08,234.86000061035156,319.1568298339844,124.25,121.30335998535156,178.40438842773438
2023-06-09,244.39999389648438,320.6581115722656,123.43000030517578,121.39274597167969,178.78970336914062
2023-06-12,249.8300018310547,325.6231384277344,126.56999969482422,122.79308319091797,181.58575439453125
2023-06-13,258.7099914550781,328.0173645019531,126.66000366210938,122.9817886352539,181.11154174804688
2023-06-14,256.7900085449219,331.01007080078125,126.41999816894531,122.82288360595703,181.7438507080078
2023-06-15,255.89999389648438,341.56817626953125,127.11000061035156,124.23314666748047,183.77914428710938
2023-06-16,260.5400085449219,335.906494140625,125.48999786376953,122.683837890625,182.7022247314453
2023-06-20,274.45001220703125,331.706787109375,125.77999877929688,122.25677490234375,182.79112243652344
2023-06-21,259.4599914550781,327.3010559082031,124.83000183105469,119.72425842285156,181.75375366210938
2023-06-22,264.6099853515625,333.3356018066406,130.14999389648438,122.30644226074219,184.7572784423828
2023-06-23,256.6000061035156,328.7336730957031,129.3300018310547,121.5019760131836,184.44110107421875
2023-06-26,241.0500030517578,322.4341125488281,127.33000183105469,117.52938842773438,183.0480499267578
2023-06-27,250.2100067138672,328.2921142578125,129.17999267578125,117.51945495605469,185.80455017089844
2023-06-28,256.239990234375,329.548095703125,129.0399932861328,119.35678100585938,186.98031616210938
2023-06-29,257.5,328.76312255859375,127.9000015258789,118.28418731689453,187.31622314453125
2023-06-30,261.7699890136719,334.1500549316406,130.36000061035156,118.88006591796875,191.6436767578125
2023-07-03,279.82000732421875,331.6479187011719,130.22000122070312,119.07869720458984,190.1517791748047
2023-07-05,282.4800109863281,331.80487060546875,130.3800048828125,120.91603088378906,189.0353546142578
2023-07-06,276.5400085449219,334.8663635253906,128.36000061035156,119.28726959228516,189.5095977783203
2023-07-07,274.42999267578125,330.892333984375,129.77999877929688,118.66158294677734,188.3931121826172
2023-07-10,269.6099853515625,325.6034851074219,127.12999725341797,115.65233612060547,186.34796142578125
2023-07-11,269.7900085449219,326.2315368652344,128.77999877929688,116.33760833740234,185.82435607910156
2023-07-12,271.989990234375,330.8727722167969,130.8000030517578,118.11534118652344,187.4940643310547
2023-07-13,277.8999938964844,336.2303161621094,134.3000030517578,123.68692016601562,188.25479125976562
2023-07-14,281.3800048828125,338.7618713378906,134.67999267578125,124.5608901977539,188.40301513671875
2023-07-17,290.3800048828125,339.2427062988281,133.55999755859375,123.79615783691406,191.6634521484375
2023-07-18,293.3399963378906,352.74444580078125,132.8300018310547,122.91226196289062,191.4065399169922
2023-07-19,291.260009765625,348.417236328125,135.36000061035156,121.19410705566406,192.7601318359375
2023-07-20,262.8999938964844,340.361328125,129.9600067138672,118.38349914550781,190.81375122070312
2023-07-21,260.0199890136719,337.3194580078125,130.0,119.19786834716797,189.6380157470703
2023-07-24,269.05999755859375,338.63433837890625,128.8000030517578,120.69754791259766,190.43832397460938
2023-07-25,265.2799987792969,344.3941650390625,129.1300048828125,121.37287139892578,191.29786682128906
2023-07-26,264.3500061035156,331.4319763183594,128.14999389648438,128.384521484375,192.16729736328125
2023-07-27,255.7100067138672,324.51434326171875,128.25,128.51361083984375,190.90267944335938
2023-07-28,266.44000244140625,332.020751953125,132.2100067138672,131.67184448242188,193.48135375976562
2023-07-31,267.42999267578125,329.61676025390625,133.67999267578125,131.81088256835938,194.0939483642578
2023-08-01,261.07000732421875,330.0289306640625,131.69000244140625,130.64889526367188,193.26400756835938
2023-08-02,254.11000061035156,321.354736328125,128.2100067138672,127.50061798095703,190.2703399658203
2023-08-03,259.32000732421875,320.5304870605469,128.91000366210938,127.57012939453125,188.8772735595703
2023-08-04,253.86000061035156,321.6295166015625,139.57000732421875,127.23246765136719,179.807373046875
2023-08-07,251.4499969482422,323.915771484375,142.22000122070312,130.62904357910156,176.70501708984375
2023-08-08,249.6999969482422,319.93194580078125,139.94000244140625,130.4999237060547,177.64361572265625
2023-08-09,242.19000244140625,316.1836242675781,137.85000610351562,128.77186584472656,176.0529327392578
2023-08-10,245.33999633789062,316.8704833984375,138.55999755859375,128.80165100097656,175.83558654785156
2023-08-11,242.64999389648438,314.9865417480469,138.41000366210938,128.67251586914062,175.89492797851562
2023-08-14,239.75999450683594,317.9596862792969,140.57000732421875,130.430419921875,177.54713439941406
2023-08-15,232.9600067138672,315.82061767578125,137.6699981689453,128.8910369873047,175.5585479736328
2023-08-16,225.60000610351562,315.0535583496094,135.07000732421875,127.81842803955078,174.6879425048828
2023-08-17,219.22000122070312,311.59234619140625,133.97999572753906,129.03004455566406,172.1453399658203
2023-08-18,215.49000549316406,311.1990661621094,133.22000122070312,126.5869140625,172.63011169433594
2023-08-21,231.27999877929688,316.5089416503906,134.67999267578125,127.49066925048828,173.96572875976562
2023-08-22,233.19000244140625,317.0792236328125,134.25,128.19583129882812,175.34091186523438
2023-08-23,236.86000061035156,321.5434875488281,135.52000427246094,131.46328735351562,179.18943786621094
2023-08-24,230.0399932861328,314.6307678222656,131.83999633789062,128.8910369873047,174.4999542236328
2023-08-25,238.58999633789062,317.5905456542969,133.25999450683594,128.99034118652344,176.70619201660156
2023-08-28,238.82000732421875,318.2985534667969,133.13999938964844,130.11257934570312,178.2693634033203
2023-08-29,257.17999267578125,322.9299621582031,134.91000366210938,133.64822387695312,182.15745544433594
2023-08-30,256.8999938964844,323.30364990234375,135.07000732421875,134.94924926757812,185.6498260498047
2023-08-31,258.0799865722656,322.290771484375,138.00999450683594,135.2372589111328,185.86752319335938
2023-09-01,245.00999450683594,323.17578125,138.1199951171875,134.73077392578125,187.4405517578125
2023-09-05,256.489990234375,327.98419189453125,137.27000427246094,134.83998107910156,187.677978515625
2023-09-06,251.9199981689453,327.32537841796875,135.36000061035156,133.53900146484375,180.96035766601562
2023-09-07,251.49000549316406,324.4049377441406,137.85000610351562,134.33349609375,175.6674041748047
2023-09-08,248.5,328.6921691894531,138.22999572753906,135.44583129882812,176.28079223632812
2023-09-11,273.5799865722656,332.3009338378906,143.10000610351562,135.98211669921875,177.44821166992188
2023-09-12,267.4800109863281,326.23388671875,141.22999572753906,134.41294860839844,174.42080688476562
2023-09-13,271.29998779296875,330.4522705078125,144.85000610351562,135.7735595703125,172.3531036376953
2023-09-14,276.0400085449219,333.0482482910156,144.72000122070312,137.154052734375,173.86679077148438
2023-09-15,274.3900146484375,324.7097473144531,140.38999938964844,136.4588165283203,173.14456176757812
2023-09-18,265.2799987792969,323.56903076171875,139.97999572753906,137.26329040527344,176.07301330566406
2023-09-19,266.5,323.1659240722656,137.6300048828125,137.0944366455078,177.16128540039062
2023-09-20,262.5899963378906,315.41741943359375,135.2899932861328,132.8238983154297,173.61947631835938
2023-09-21,255.6999969482422,314.1980895996094,129.3300018310547,129.54649353027344,172.07606506347656
2023-09-22,244.8800048828125,311.72021484375,129.1199951171875,129.35780334472656,172.9268798828125
2023-09-25,246.99000549316406,312.2413635253906,131.27000427246094,130.2119140625,174.20314025878906
2023-09-26,244.1199951171875,306.93145751953125,125.9800033569336,127.68931579589844,170.12705993652344
2023-09-27,240.5,307.57061767578125,125.9800033569336,129.6458282470703,168.61337280273438
2023-09-28,246.3800048828125,308.4064636230469,125.9800033569336,131.40370178222656,168.87063598632812
2023-09-29,250.22000122070312,310.4812316894531,127.12000274658203,129.963623046875,169.3850860595703
2023-10-02,251.60000610351562,316.4302673339844,129.4600067138672,133.25096130371094,171.8979949951172
2023-10-03,246.52999877929688,308.16058349609375,124.72000122070312,131.5228729248047,170.56239318847656
2023-10-04,261.1600036621094,313.63763427734375,127.0,134.31362915039062,171.8089599609375
2023-10-05,260.04998779296875,314.0309753417969,125.95999908447266,134.14479064941406,173.04562377929688
2023-10-06,260.5299987792969,321.79913330078125,127.95999908447266,136.63760375976562,175.59814453125
2023-10-09,259.6700134277344,324.31646728515625,128.25999450683594,137.47181701660156,177.0821533203125
2023-10-10,263.6199951171875,322.9102783203125,129.47999572753906,137.1143035888672,176.48855590820312
2023-10-11,262.989990234375,326.8730773925781,131.8300018310547,139.58726501464844,177.88352966308594
2023-10-12,258.8699951171875,325.6340637207031,132.3300018310547,138.01808166503906,178.78382873535156
2023-10-13,251.1199951171875,322.2613220214844,129.7899932861328,136.41909790039062,176.94363403320312
2023-10-16,253.9199981689453,327.0893249511719,132.5500030517578,138.14720153808594,176.8150177001953
2023-10-17,254.85000610351562,326.5190124511719,131.47000122070312,138.762939453125,175.2617645263672
2023-10-18,242.67999267578125,324.6015930175781,128.1300048828125,137.01499938964844,173.96572875976562
2023-10-19,220.11000061035156,325.7914123535156,128.39999389648438,136.80641174316406,173.58978271484375
2023-10-20,211.99000549316406,321.218994140625,125.16999816894531,134.67115783691406,171.0372772216797
2023-10-23,212.0800018310547,323.82476806640625,126.55999755859375,135.5649871826172,171.15599060058594
2023-10-24,216.52000427246094,325.0145263671875,128.55999755859375,137.8591766357422,171.59130859375
2023-10-25,212.4199981689453,334.98541259765625,121.38999938964844,124.74958038330078,169.27627563476562
2023-10-26,205.75999450683594,322.4186706542969,119.56999969482422,121.44239044189453,165.11111450195312
2023-10-27,207.3000030517578,324.3065490722656,127.73999786376953,121.33314514160156,166.4269561767578
2023-10-30,197.36000061035156,331.68145751953125,132.7100067138672,123.60746765136719,168.474853515625
2023-10-31,200.83999633789062,332.4681091308594,133.08999633789062,123.23007202148438,168.94973754882812
2023-11-01,205.66000366210938,340.2953186035156,137.0,125.58383178710938,172.1156768798828
2023-11-02,218.50999450683594,342.50775146484375,138.07000732421875,126.61671447753906,175.6772918701172
2023-11-03,219.9600067138672,346.9129943847656,138.60000610351562,128.2156982421875,174.76707458496094
2023-11-06,219.27000427246094,350.5807189941406,139.74000549316406,129.35780334472656,177.319580078125
2023-11-07,222.17999267578125,354.51397705078125,142.7100067138672,130.07286071777344,179.8819580078125
2023-11-08,222.11000061035156,357.139404296875,142.0800018310547,130.93692016601562,180.94058227539062
2023-11-09,209.97999572753906,354.6712951660156,140.60000610351562,129.3478546142578,180.46568298339844
2023-11-10,214.64999389648438,363.50140380859375,143.55999755859375,131.6817626953125,184.65611267089844
2023-11-13,223.7100067138672,360.56134033203125,142.58999633789062,131.1852264404297,183.0711212158203
2023-11-14,237.41000366210938,364.0914306640625,145.8000030517578,132.7047119140625,185.68638610839844
2023-11-15,242.83999633789062,364.23919677734375,143.1999969482422,133.6978759765625,186.25103759765625
2023-11-16,233.58999633789062,370.6437683105469,142.8300018310547,135.99205017089844,187.93516540527344
2023-11-17,234.3000030517578,364.4166564941406,145.17999267578125,134.3831329345703,187.91534423828125
2023-11-20,235.60000610351562,371.8951110839844,146.1300048828125,135.31671142578125,189.65887451171875
2023-11-21,241.1999969482422,367.58929443359375,143.89999389648438,136.03179931640625,188.85646057128906
2023-11-22,234.2100067138672,372.299072265625,146.7100067138672,137.54136657714844,189.5201873779297
2023-11-24,235.4499969482422,371.88519287109375,146.74000549316406,135.7537078857422,188.19273376464844
2023-11-27,236.0800018310547,373.04791259765625,147.72999572753906,135.47561645507812,188.014404296875
2023-11-28,246.72000122070312,377.07781982421875,147.02999877929688,136.26019287109375,188.6186981201172
2023-11-29,244.13999938964844,373.2843933105469,146.32000732421875,134.0653533935547,187.59832763671875
2023-11-30,240.0800018310547,373.343505859375,146.08999633789062,131.6221923828125,188.17288208007812
2023-12-01,238.8300018310547,369.0081481933594,147.02999877929688,130.95677185058594,189.4508514404297
2023-12-04,235.5800018310547,363.7170104980469,144.83999633789062,128.384521484375,187.6577606201172
2023-12-05,238.72000122070312,367.0473327636719,146.8800048828125,130.09275817871094,191.61044311523438
2023-12-06,239.3699951171875,363.3819885253906,144.52000427246094,129.12939453125,190.52073669433594
2023-12-07,242.63999938964844,365.50048828125,146.8800048828125,135.99205017089844,192.45252990722656
2023-12-08,243.83999633789062,368.73223876953125,147.4199981689453,134.0653533935547,193.87901306152344
2023-12-11,239.74000549316406,365.84527587890625,145.88999938964844,132.37698364257812,191.37269592285156
2023-12-12,237.00999450683594,368.88006591796875,147.47999572753906,131.6122589111328,192.88836669921875
2023-12-13,239.2899932861328,368.87017822265625,148.83999633789062,131.66192626953125,196.1079864501953
2023-12-14,251.0500030517578,360.55419921875,147.4199981689453,131.03623962402344,196.25657653808594
2023-12-15,253.5,365.2836608886719,149.97000122070312,131.69171142578125,195.72161865234375
2023-12-18,252.0800018310547,367.1754150390625,154.07000732421875,134.86981201171875,194.05735778808594
2023-12-19,257.2200012207031,367.7764892578125,153.7899932861328,135.71395874023438,195.09751892089844
2023-12-20,247.13999938964844,365.1752624511719,152.1199951171875,137.3923797607422,193.0072479248047
2023-12-21,254.5,368.0523986816406,153.83999633789062,139.4581298828125,192.858642578125
2023-12-22,252.5399932861328,369.0771179199219,153.4199981689453,140.52081298828125,191.7887725830078
2023-12-26,256.6099853515625,369.1559143066406,153.41000366210938,140.5506134033203,191.24391174316406
2023-12-27,261.44000244140625,368.57464599609375,153.33999633789062,139.40847778320312,191.34295654296875
2023-12-28,253.17999267578125,369.766845703125,153.3800048828125,139.2694549560547,191.76893615722656
2023-12-29,248.47999572753906,370.5156555175781,151.94000244140625,138.733154296875,190.728759765625
2024-01-02,248.4199981689453,365.421630859375,149.92999267578125,137.2235565185547,183.9032440185547
2024-01-03,238.4499969482422,365.15557861328125,148.47000122070312,137.9684295654297,182.52622985839844
2024-01-04,237.92999267578125,362.5346374511719,144.57000732421875,135.4557342529297,180.2081298828125
2024-01-05,237.49000549316406,362.34747314453125,145.24000549316406,134.80026245117188,179.4849395751953
2024-01-08,240.4499969482422,369.18548583984375,149.10000610351562,137.88897705078125,183.82395935058594
2024-01-09,234.9600067138672,370.26934814453125,151.3699951171875,139.98452758789062,183.40789794921875
2024-01-10,233.94000244140625,377.1467590332031,153.72999572753906,141.30538940429688,184.44805908203125
2024-01-11,227.22000122070312,378.9794921875,155.17999267578125,141.1067657470703,183.85369873046875
2024-01-12,218.88999938964844,382.7630615234375,154.6199951171875,141.67286682128906,184.18063354492188
2024-01-16,219.91000366210938,384.53662109375,153.16000366210938,141.51397705078125,181.91204833984375
2024-01-17,215.5500030517578,383.7483825683594,151.7100067138672,140.50096130371094,180.97091674804688
2024-01-18,211.8800048828125,388.083740234375,153.5,142.49717712402344,186.8652801513672
2024-01-19,212.19000244140625,392.813232421875,155.33999633789062,145.3773193359375,189.76785278320312
2024-01-22,208.8000030517578,390.6849670410156,154.77999877929688,144.989990234375,192.0760498046875
2024-01-23,209.13999938964844,393.039794921875,156.02000427246094,146.0327911376953,193.35397338867188
2024-01-24,207.8300018310547,396.6460876464844,156.8699951171875,147.68142700195312,192.68032836914062
2024-01-25,182.6300048828125,398.9220886230469,157.75,150.82969665527344,192.35342407226562
2024-01-26,183.25,397.9959716796875,159.1199951171875,151.14752197265625,190.6197967529297
2024-01-29,190.92999267578125,403.70086669921875,161.25999450683594,152.45846557617188,189.936279296875
2024-01-30,191.58999633789062,402.5874938964844,159.0,150.4225311279297,186.28077697753906
2024-01-31,187.2899932861328,391.7392272949219,155.1999969482422,139.1403350830078,182.67481994628906
2024-02-01,188.86000061035156,397.8481140136719,159.27999877929688,140.19308471679688,185.11180114746094
2024-02-02,187.91000366210938,405.1788635253906,171.80999755859375,141.40472412109375,184.1112823486328
2024-02-05,181.05999755859375,399.69061279296875,170.30999755859375,142.69581604003906,185.92413330078125
2024-02-06,185.10000610351562,399.5330505371094,169.14999389648438,143.11293029785156,187.5290069580078
2024-02-07,187.5800018310547,407.96728515625,170.52999877929688,144.5430908203125,187.6379852294922
2024-02-08,189.55999755859375,408.0263671875,169.83999633789062,144.91053771972656,186.55816650390625
2024-02-09,193.57000732421875,414.37176513671875,174.4499969482422,147.9793701171875,187.3219451904297
2024-02-12,188.1300048828125,409.15948486328125,172.33999633789062,146.5194549560547,185.6356658935547
2024-02-13,184.02000427246094,400.350830078125,168.63999938964844,144.14581298828125,183.54275512695312
2024-02-14,188.7100067138672,404.2203369140625,170.97999572753906,144.94032287597656,182.65994262695312
2024-02-15,200.4499969482422,401.3280944824219,169.8000030517578,141.7920379638672,182.37229919433594
2024-02-16,199.9499969482422,398.8602294921875,169.50999450683594,139.55746459960938,180.8348388671875
2024-02-20,193.75999450683594,397.6065979003906,167.0800018310547,140.15335083007812,180.0908966064453
2024-02-21,194.77000427246094,397.0044250488281,168.58999633789062,141.5735626220703,180.84475708007812
2024-02-22,197.41000366210938,406.35260009765625,174.5800018310547,143.10299682617188,182.878173828125
2024-02-23,191.97000122070312,405.0594482421875,174.99000549316406,142.97389221191406,181.0431671142578
2024-02-26,199.39999389648438,402.29547119140625,174.72999572753906,136.62770080566406,179.6941375732422
2024-02-27,199.72999572753906,402.2362976074219,173.5399932861328,137.9287109375,181.15225219726562
2024-02-28,202.0399932861328,402.47320556640625,173.16000366210938,135.44583129882812,179.9520263671875
2024-02-29,201.8800048828125,408.3169860839844,176.75999450683594,137.51156616210938,179.28744506835938
2024-03-01,202.63999938964844,410.153076171875,178.22000122070312,136.20062255859375,178.20628356933594
2024-03-04,188.13999938964844,409.58056640625,177.5800018310547,132.43658447265625,173.68319702148438
2024-03-05,180.74000549316406,397.4683837890625,174.1199951171875,131.76123046875,168.74346923828125
2024-03-06,176.5399932861328,396.9156188964844,173.50999450683594,130.4999237060547,167.7515411376953
2024-03-07,178.64999389648438,403.87493896484375,176.82000732421875,133.45953369140625,167.63253784179688
2024-03-08,175.33999633789062,400.9924621582031,175.35000610351562,134.48245239257812,169.34854125976562
2024-03-11,177.77000427246094,399.3143310546875,171.9600067138672,136.7269744873047,171.35220336914062
2024-03-12,177.5399932861328,409.9359130859375,175.38999938964844,137.55126953125,171.8282928466797
2024-03-13,169.47999572753906,409.7582092285156,176.55999755859375,138.8324432373047,169.74530029296875
2024-03-14,162.5,419.74798583984375,178.75,142.1197967529297,171.6001739501953
2024-03-15,163.57000732421875,411.06121826171875,174.4199981689453,140.21290588378906,171.22323608398438
2024-03-18,173.8000030517578,411.9495849609375,174.47999572753906,146.66839599609375,172.31434631347656
2024-03-19,171.32000732421875,415.98699951171875,175.89999389648438,146.02285766601562,174.65524291992188
2024-03-20,175.66000366210938,419.7578125,178.14999389648438,147.7211456298828,177.22430419921875
2024-03-21,172.82000732421875,423.8445739746094,178.14999389648438,146.58897399902344,169.9833526611328
2024-03-22,170.8300018310547,423.22265625,178.8699951171875,149.73724365234375,170.88600158691406
2024-03-25,172.6300048828125,417.4183349609375,179.7100067138672,149.0420379638672,169.46754455566406
2024-03-26,177.6699981689453,416.2239074707031,178.3000030517578,149.63792419433594,168.33680725097656
2024-03-27,179.8300018310547,416.0067443847656,179.8300018310547,149.8365478515625,171.9076690673828
2024-03-28,175.7899932861328,415.3058776855469,180.3800048828125,149.89613342285156,170.0924530029297
2024-04-01,175.22000122070312,419.1063232421875,180.97000122070312,154.4249267578125,168.65420532226562
2024-04-02,166.6300048828125,416.0166015625,180.69000244140625,153.5012969970703,167.4738311767578
2024-04-03,168.3800048828125,415.039306640625,182.41000366210938,153.85882568359375,168.2772674560547
2024-04-04,171.11000061035156,412.5024108886719,180.0,149.49888610839844,167.45399475097656
2024-04-05,164.89999389648438,420.0440979003906,185.07000732421875,151.45538330078125,168.20785522460938
2024-04-08,172.97999572753906,419.12603759765625,185.19000244140625,153.789306640625,167.08700561523438
2024-04-09,176.8800048828125,420.7943115234375,185.6699981689453,155.52732849121094,168.297119140625
2024-04-10,171.75999450683594,417.8132019042969,185.9499969482422,155.0704803466797,166.4224090576172
2024-04-11,174.60000610351562,422.4230651855469,189.0500030517578,158.3180694580078,173.62364196777344
2024-04-12,171.0500030517578,416.470703125,186.1300048828125,156.64956665039062,175.1214599609375
2024-04-15,161.47999572753906,408.3169860839844,183.6199951171875,153.79922485351562,171.2926788330078
2024-04-16,157.11000061035156,409.2449035644531,183.32000732421875,153.34239196777344,168.0094757080078
2024-04-17,155.4499969482422,406.5401916503906,181.27999877929688,154.40505981445312,166.64064025878906
2024-04-18,149.92999267578125,399.0675354003906,179.22000122070312,154.94134521484375,165.6884002685547
2024-04-19,147.0500030517578,393.98382568359375,174.6300048828125,153.03451538085938,163.66490173339844
2024-04-22,142.0500030517578,395.8002014160156,177.22999572753906,155.20948791503906,164.4980926513672
2024-04-23,144.67999267578125,402.3251037597656,179.5399932861328,157.17593383789062,165.54953002929688
2024-04-24,162.1300048828125,403.7958984375,176.58999633789062,158.0399932861328,167.65237426757812
2024-04-25,170.17999267578125,393.9048767089844,173.6699981689453,154.9314422607422,168.51531982421875
2024-04-26,168.2899932861328,401.0911560058594,179.6199951171875,170.77218627929688,167.9301300048828
2024-04-29,194.0500030517578,397.0735168457031,180.9600067138672,165.0118865966797,172.0961151123047
2024-04-30,183.27999877929688,384.31982421875,175.0,161.6649932861328,168.95176696777344
2024-05-01,179.99000549316406,389.8576354980469,179.0,162.73756408691406,167.9301300048828
2024-05-02,180.00999450683594,392.7203063964844,184.72000122070312,165.47866821289062,171.62994384765625
2024-05-03,181.19000244140625,401.4267883300781,186.2100067138672,166.0944366455078,181.8961944580078
2024-05-06,184.75999450683594,408.21826171875,188.6999969482422,166.94854736328125,180.23968505859375
2024-05-07,177.80999755859375,404.0722961425781,188.75999450683594,170.0769500732422,180.92408752441406
2024-05-08,174.72000122070312,405.25689697265625,188.0,168.2197723388672,181.26136779785156
2024-05-09,171.97000122070312,407.0140075683594,189.5,168.7958221435547,183.07655334472656
2024-05-10,168.47000122070312,409.4028015136719,187.47999572753906,167.4947509765625,181.81512451171875
2024-05-13,171.88999938964844,408.39593505859375,186.57000732421875,167.98141479492188,185.02333068847656
2024-05-14,177.5500030517578,411.1994323730469,187.07000732421875,169.17318725585938,186.1655731201172
2024-05-15,173.99000549316406,418.3887634277344,185.99000549316406,171.3283233642578,188.44012451171875
2024-05-16,174.83999633789062,416.3219299316406,183.6300048828125,172.9868621826172,188.55929565429688
2024-05-17,177.4600067138672,415.5506286621094,184.6999969482422,174.85403442382812,188.589111328125
2024-05-20,174.9499969482422,420.62371826171875,183.5399932861328,175.7081298828125,189.751220703125
2024-05-21,186.60000610351562,424.2827453613281,183.14999389648438,176.6317596435547,191.05239868164062
2024-05-22,180.11000061035156,425.74627685546875,183.1300048828125,175.1718292236328,189.61215209960938
2024-05-23,173.74000549316406,422.26531982421875,181.0500030517578,172.36122131347656,185.61929321289062
2024-05-24,179.24000549316406,425.3902893066406,180.75,173.7913360595703,188.6983642578125
2024-05-28,176.75,425.54852294921875,182.14999389648438,175.19168090820312,188.7082977294922
2024-05-29,176.19000244140625,424.41131591796875,182.02000427246094,174.69509887695312,189.00628662109375
2024-05-30,178.7899932861328,410.07208251953125,179.32000732421875,170.93109130859375,189.99952697753906
2024-05-31,178.0800018310547,410.5269775390625,176.44000244140625,171.31838989257812,190.9530487060547
2024-06-03,176.2899932861328,408.9347839355469,178.33999633789062,171.98379516601562,192.72103881835938
2024-06-04,174.77000427246094,411.45654296875,179.33999633789062,172.5995635986328,193.03887939453125
2024-06-05,175.0,419.3085021972656,181.27999877929688,174.20848083496094,194.54861450195312
2024-06-06,177.94000244140625,419.81280517578125,185.0,175.51942443847656,193.1680145263672
2024-06-07,177.47999572753906,419.1502685546875,184.3000030517578,173.2649688720703,195.561767578125
2024-06-10,173.7899932861328,423.12567138671875,187.05999755859375,174.01068115234375,191.81719970703125
2024-06-11,170.66000366210938,427.88232421875,187.22999572753906,175.61151123046875,205.75253295898438
2024-06-12,177.2899932861328,436.16943359375,186.88999938964844,176.77479553222656,211.6326141357422
2024-06-13,182.47000122070312,436.68365478515625,183.8300018310547,174.15985107421875,212.7947235107422
2024-06-14,178.00999450683594,437.6626892089844,183.66000366210938,175.78053283691406,211.05653381347656
2024-06-17,187.44000244140625,443.3983459472656,184.05999755859375,176.2279510498047,215.2082977294922
2024-06-18,184.86000061035156,441.3908996582031,182.80999755859375,174.09022521972656,212.8443603515625
2024-06-20,181.57000732421875,440.758056640625,186.10000610351562,175.2933349609375,208.26547241210938
2024-06-21,183.00999450683594,444.792724609375,189.0800018310547,178.60430908203125,206.09027099609375
2024-06-24,182.5800018310547,442.7061462402344,185.57000732421875,178.1966552734375,206.7358856201172
2024-06-25,187.35000610351562,445.94976806640625,186.33999633789062,182.97918701171875,207.65960693359375
2024-06-26,196.3699951171875,447.1463928222656,193.61000061035156,182.8300323486328,211.81138610839844
2024-06-27,197.4199981689453,447.8287353515625,197.85000610351562,184.35130310058594,212.65565490722656
2024-06-28,197.8800048828125,441.9941101074219,193.25,181.1099090576172,209.19912719726562
2024-07-01,209.86000061035156,451.6656799316406,197.1999969482422,181.9451141357422,215.28778076171875
2024-07-02,231.25999450683594,454.1873779296875,200.0,184.1822967529297,218.78404235839844
2024-07-03,246.38999938964844,455.660888671875,197.58999633789062,184.7589569091797,220.05538940429688
2024-07-05,251.52000427246094,462.3755798339844,200.0,189.51168823242188,224.8130645751953
2024-07-08,252.94000244140625,461.0702209472656,199.2899932861328,187.9506378173828,226.2831268310547
2024-07-09,262.3299865722656,454.4444885253906,199.33999633789062,187.90090942382812,227.1372833251953
2024-07-10,263.260009765625,461.0801086425781,199.7899932861328,190.08836364746094,231.4082794189453
2024-07-11,241.02999877929688,449.6582336425781,195.0500030517578,184.51040649414062,226.0347900390625
2024-07-12,248.22999572753906,448.5209045410156,194.49000549316406,184.0132293701172,228.9847412109375
2024-07-15,252.63999938964844,448.9263916015625,192.72000122070312,185.46490478515625,232.81871032714844
2024-07-16,256.55999755859375,444.5356140136719,193.02000427246094,182.86981201171875,233.23587036132812
2024-07-17,248.5,438.6021423339844,187.92999267578125,179.9863739013672,227.33595275878906
2024-07-18,249.22999572753906,435.487060546875,183.75,176.67538452148438,222.66766357421875
2024-07-19,239.1999969482422,432.26324462890625,183.1300048828125,176.64556884765625,222.79678344726562
2024-07-22,251.50999450683594,438.0285949707031,182.5500030517578,180.63265991210938,222.44915771484375
2024-07-23,246.3800048828125,439.9173889160156,186.41000366210938,180.75196838378906,223.49205017089844
2024-07-24,215.99000549316406,424.1442565917969,180.8300018310547,171.644287109375,217.06568908691406
2024-07-25,220.25,413.76068115234375,179.85000610351562,166.32484436035156,216.0227813720703
2024-07-26,219.8000030517578,420.55450439453125,182.5,166.04641723632812,216.4896240234375
2024-07-29,232.10000610351562,421.99835205078125,183.1999969482422,168.56198120117188,216.7677459716797
2024-07-30,222.6199951171875,418.2306213378906,181.7100067138672,169.317626953125,217.32394409179688
2024-07-31,232.07000732421875,413.71124267578125,186.97999572753906,170.56048583984375,220.5818328857422
2024-08-01,216.86000061035156,412.4849853515625,184.07000732421875,169.7849578857422,216.88693237304688
2024-08-02,207.6699981689453,403.9606018066406,167.89999389648438,165.7083740234375,218.37680053710938
2024-08-05,198.8800048828125,390.7684326171875,161.02000427246094,158.34068298339844,207.85824584960938
2024-08-06,200.63999938964844,395.1790466308594,161.92999267578125,157.3861541748047,205.8319854736328
2024-08-07,191.75999450683594,394.0121154785156,162.77000427246094,158.03244018554688,208.40452575683594
2024-08-08,198.83999633789062,398.22491455078125,165.8000030517578,161.10479736328125,211.87098693847656
2024-08-09,200.0,401.5179443359375,166.94000244140625,162.7354278564453,214.78121948242188
2024-08-12,197.49000549316406,402.2991943359375,166.8000030517578,161.36331176757812,216.3126220703125
2024-08-13,207.8300018310547,409.4194030761719,170.22999572753906,163.22264099121094,220.03167724609375
2024-08-14,201.3800048828125,412.23779296875,170.10000610351562,159.45428466796875,220.4791717529297
2024-08-15,214.13999938964844,417.1119689941406,177.58999633789062,160.3789825439453,223.46234130859375
2024-08-16,216.1199951171875,414.5758056640625,177.05999755859375,162.0294952392578,224.78492736816406
2024-08-19,222.72000122070312,417.6072998046875,178.22000122070312,165.7183074951172,224.6258087158203
2024-08-20,221.10000610351562,420.846923828125,178.8800048828125,166.22540283203125,225.2423553466797
2024-08-21,223.27000427246094,420.19305419921875,180.11000061035156,164.9029998779297,225.13296508789062
2024-08-22,210.66000366210938,411.6829833984375,176.1300048828125,162.8647003173828,223.2734375
2024-08-23,220.32000732421875,412.9114074707031,177.0399932861328,164.67431640625,225.5705108642578
2024-08-26,213.2100067138672,409.64215087890625,175.5,165.21121215820312,225.90859985351562
2024-08-27,209.2100067138672,409.9888916015625,173.1199951171875,163.73965454101562,226.7538604736328
2024-08-28,205.75,406.779052734375,170.8000030517578,161.9201202392578,225.22247314453125
2024-08-29,206.27999877929688,409.27557373046875,172.1199951171875,160.85623168945312,228.50399780273438
2024-08-30,214.11000061035156,413.2582092285156,178.5,162.4470977783203,227.71841430664062
2024-09-03,210.60000610351562,405.6298522949219,176.25,156.4614715576172,221.52328491210938
2024-09-04,219.41000366210938,405.0948791503906,173.3300018310547,155.55665588378906,219.61402893066406
2024-09-05,230.1699981689453,404.5896301269531,177.88999938964844,156.34217834472656,221.13546752929688
2024-09-06,210.72999572753906,397.96185302734375,171.38999938964844,150.0582275390625,219.58419799804688
2024-09-09,216.27000427246094,401.9444885253906,175.39999389648438,148.0570831298828,219.67369079589844
2024-09-10,226.1699981689453,410.3455810546875,179.5500030517578,148.00729370117188,218.87815856933594
2024-09-11,228.1300048828125,419.1033020019531,184.52000427246094,150.49632263183594,221.4138946533203
2024-09-12,229.80999755859375,423.0263977050781,187.0,154.0108184814453,221.52328491210938
2024-09-13,230.2899932861328,426.5830078125,186.49000549316406,156.76864624023438,221.2548065185547
2024-09-16,226.77999877929688,427.3260192871094,184.88999938964844,157.3660125732422,215.109375
2024-09-17,227.8699951171875,431.1005859375,186.8800048828125,158.6204833984375,215.57675170898438
2024-09-18,227.1999969482422,426.8009948730469,186.42999267578125,159.1083221435547,219.45494079589844
2024-09-19,243.9199981689453,434.607666015625,189.8699951171875,161.4281005859375,227.5891571044922
2024-09-20,238.25,431.2194519042969,191.60000610351562,162.87173461914062,226.92288208007812
2024-09-23,250.0,429.475830078125,193.8800048828125,161.13937377929688,225.20257568359375
2024-09-24,254.27000427246094,425.17626953125,193.9600067138672,161.57742309570312,226.09751892089844
2024-09-25,257.0199890136719,428.0888671875,192.52999877929688,160.7809600830078,225.10313415527344
2024-09-26,254.22000122070312,427.2962951660156,191.16000366210938,162.01548767089844,226.24668884277344
2024-09-27,260.4599914550781,424.0368957519531,187.97000122070312,163.2301483154297,226.51516723632812
2024-09-30,261.6300048828125,426.29571533203125,186.3300018310547,165.12181091308594,231.69602966308594
2024-10-01,258.0199890136719,416.775146484375,185.1300048828125,166.25682067871094,224.9440460205078
2024-10-02,249.02000427246094,413.248291015625,184.75999450683594,165.13177490234375,225.51084899902344
2024-10-03,240.66000366210938,412.6637878417969,181.9600067138672,165.13177490234375,224.40704345703125
2024-10-04,250.0800018310547,412.1882629394531,186.50999450683594,166.3264923095703,225.53073120117188
2024-10-07,240.8300018310547,405.7289123535156,180.8000030517578,162.26441955566406,220.4493408203125
2024-10-08,244.5,410.85076904296875,182.72000122070312,163.65826416015625,224.50650024414062
2024-10-09,241.0500030517578,413.5751953125,185.1699981689453,161.14932250976562,228.25537109375
2024-10-10,238.77000427246094,411.97027587890625,186.64999389648438,161.3683624267578,227.7581787109375
2024-10-11,217.8000030517578,412.4458312988281,188.82000732421875,162.5232696533203,226.2765350341797
2024-10-14,219.16000366210938,415.2396240234375,187.5399932861328,164.2357177734375,230.00555419921875
2024-10-15,219.57000732421875,414.8432922363281,187.69000244140625,164.73353576660156,232.54129028320312
2024-10-16,221.3300018310547,412.2476501464844,186.88999938964844,164.43482971191406,230.48284912109375
2024-10-17,220.88999938964844,412.84210205078125,187.52999877929688,162.21463012695312,230.8507843017578
2024-10-18,220.6999969482422,414.2687072753906,188.99000549316406,162.70248413085938,233.68484497070312
2024-10-21,218.85000610351562,414.88287353515625,189.07000732421875,163.34963989257812,235.15655517578125
2024-10-22,217.97000122070312,423.5317077636719,189.6999969482422,164.41493225097656,234.54002380371094
2024-10-23,213.64999389648438,420.6487731933594,184.7100067138672,162.0653076171875,229.46856689453125
2024-10-24,260.4800109863281,420.7775573730469,186.3800048828125,162.0055389404297,229.27964782714844
2024-10-25,269.19000244140625,424.16571044921875,187.8300018310547,164.5443572998047,230.1149444580078
2024-10-28,262.510009765625,422.6202392578125,188.38999938964844,165.9879913330078,232.09376525878906
2024-10-29,259.5199890136719,427.93035888671875,190.8300018310547,168.93499755859375,232.36228942871094
2024-10-30,257.54998779296875,428.50494384765625,192.72999572753906,173.69400024414062,228.81227111816406
2024-10-31,249.85000610351562,402.568603515625,186.39999389648438,170.3587188720703,224.6457061767578
2024-11-01,248.97999572753906,406.5511779785156,197.92999267578125,170.5379180908203,221.66249084472656
2024-11-04,242.83999633789062,404.6589660644531,195.77999877929688,168.4969482421875,220.7675323486328
2024-11-05,251.44000244140625,407.6310119628906,199.5,168.99472045898438,222.199462890625
2024-11-06,288.5299987792969,416.2698974609375,207.08999633789062,175.73500061035156,221.4735565185547
2024-11-07,296.9100036621094,421.47100830078125,210.0500030517578,179.95639038085938,226.2069091796875
2024-11-08,321.2200012207031,418.6079406738281,208.17999267578125,177.5669403076172,225.93812561035156
2024-11-11,350.0,414.1200866699219,206.83999633789062,179.55813598632812,223.22039794921875
2024-11-12,328.489990234375,419.0933532714844,208.91000366210938,180.82257080078125,223.22039794921875
2024-11-13,330.239990234375,421.2431945800781,214.10000610351562,178.0946044921875,224.10643005371094
2024-11-14,311.17999267578125,422.91748046875,211.47999572753906,174.80911254882812,227.1924591064453
2024-11-15,320.7200012207031,411.1380920410156,202.61000061035156,171.732666015625,223.98695373535156
2024-11-18,338.739990234375,411.8910217285156,201.6999969482422,174.53033447265625,226.9933624267578
2024-11-19,346.0,413.90216064453125,204.61000061035156,177.33792114257812,227.252197265625
2024-11-20,342.0299987792969,411.6235046386719,202.8800048828125,175.20733642578125,227.9689483642578
2024-11-21,339.6400146484375,409.8466491699219,198.3800048828125,166.8939971923828,227.49111938476562
2024-11-22,352.55999755859375,413.9464111328125,197.1199951171875,164.03659057617188,228.83502197265625
2024-11-25,338.5899963378906,415.7232971191406,201.4499969482422,166.91390991210938,231.821533203125
2024-11-26,338.2300109863281,424.8559265136719,207.86000061035156,168.37745666503906,234.00167846679688
2024-11-27,332.8900146484375,419.89251708984375,205.74000549316406,168.48696899414062,233.8722381591797
2024-11-29,345.1600036621094,420.3591003417969,207.88999938964844,168.20819091796875,236.26145935058594
2024-12-02,357.0899963378906,427.82403564453125,210.7100067138672,170.73704528808594,238.51126098632812
2024-12-03,351.4200134277344,428.04241943359375,213.44000244140625,170.58770751953125,241.5574951171875
2024-12-04,357.92999267578125,434.2168884277344,218.16000366210938,173.60438537597656,241.91586303710938
2024-12-05,369.489990234375,439.3787841796875,220.5500030517578,171.8820037841797,241.9457550048828
2024-12-06,389.2200012207031,440.32183837890625,227.02999877929688,173.9429168701172,241.74664306640625
2024-12-09,389.7900085449219,442.75384521484375,226.08999633789062,174.80010986328125,245.63902282714844
2024-12-10,400.989990234375,440.0835876464844,225.0399932861328,184.5682830810547,246.65444946289062
2024-12-11,424.7699890136719,445.7021484375,230.25999450683594,194.76502990722656,245.38021850585938
2024-12-12,418.1000061035156,446.26800537109375,228.97000122070312,191.33621215820312,246.8435821533203
2024-12-13,436.2300109863281,443.9947509765625,227.4600067138672,189.2031707763672,247.0128173828125
2024-12-16,463.0199890136719,448.2831115722656,232.92999267578125,196.02093505859375,249.9097137451172
2024-12-17,479.8599853515625,451.1320495605469,231.14999389648438,194.7849578857422,252.33872985839844
2024-12-18,440.1300048828125,434.1871032714844,220.52000427246094,187.7877655029297,246.93319702148438
2024-12-19,436.1700134277344,433.8297119140625,223.2899932861328,187.89739990234375,248.66534423828125
2024-12-20,421.05999755859375,433.40289306640625,224.9199981689453,190.78799438476562,253.3441925048828
2024-12-23,430.6000061035156,432.06280517578125,225.05999755859375,193.99754333496094,254.12066650390625
2024-12-24,462.2799987792969,436.11285400390625,229.0500030517578,195.47271728515625,257.0374755859375
2024-12-26,454.1300048828125,434.9018249511719,227.0500030517578,194.96438598632812,257.8537902832031
2024-12-27,431.6600036621094,427.3773193359375,223.75,192.13360595703125,254.43922424316406
2024-12-30,417.4100036621094,421.71905517578125,221.3000030517578,190.61854553222656,251.0644989013672
2024-12-31,403.8399963378906,418.4134521484375,219.38999938964844,188.6848602294922,249.29251098632812
2025-01-02,379.2799987792969,415.51483154296875,220.22000122070312,188.81442260742188,242.75209045410156
2025-01-03,410.44000244140625,420.24993896484375,224.19000244140625,191.16676330566406,242.26429748535156
2025-01-06,411.04998779296875,424.7169494628906,227.61000061035156,196.23025512695312,243.89691162109375
2025-01-07,394.3599853515625,419.2770690917969,222.11000061035156,194.85475158691406,241.11947631835938
2025-01-08,394.94000244140625,421.4510192871094,222.1300048828125,193.3197479248047,241.60726928710938
2025-01-10,394.739990234375,415.88214111328125,218.94000244140625,191.4159393310547,235.78359985351562
2025-01-13,403.30999755859375,414.135009765625,218.4600067138672,190.3892822265625,233.34461975097656
2025-01-14,396.3599853515625,412.62615966796875,217.75999450683594,189.04367065429688,232.22967529296875
2025-01-15,428.2200012207031,423.188232421875,223.35000610351562,194.91453552246094,236.7990264892578
2025-01-16,413.82000732421875,421.4708557128906,220.66000366210938,192.28311157226562,227.23228454589844
2025-01-17,426.5,425.8883361816406,225.94000244140625,195.36306762695312,228.9445343017578
2025-01-21,424.07000732421875,425.3622131347656,230.7100067138672,197.4064178466797,221.63758850097656
2025-01-22,415.1099853515625,442.9326171875,235.00999450683594,197.72537231445312,222.82223510742188
2025-01-23,412.3800048828125,443.4388122558594,235.4199981689453,197.33663940429688,222.6529998779297
2025-01-24,406.5799865722656,440.8082580566406,234.85000610351562,199.5594024658203,221.77696228027344
2025-01-27,397.1499938964844,431.3778381347656,235.4199981689453,191.1866912841797,228.82508850097656
2025-01-28,398.0899963378906,443.9252624511719,238.14999389648438,194.6653594970703,237.187255859375
2025-01-29,389.1000061035156,439.0909118652344,237.07000732421875,194.77499389648438,238.2823028564453
2025-01-30,400.2799987792969,411.95111083984375,234.63999938964844,200.2172393798828,236.520263671875
2025-01-31,404.6000061035156,412.0205993652344,237.67999267578125,203.35702514648438,234.9374237060547
2025-02-03,383.67999267578125,407.9109191894531,237.4199981689453,200.57606506347656,226.9833984375
2025-02-04,392.2099914550781,409.3503112792969,242.05999755859375,205.7093505859375,231.75184631347656
2025-02-05,378.1700134277344,410.26361083984375,236.1699981689453,190.70826721191406,231.42332458496094
2025-02-06,374.32000732421875,412.7750244140625,238.8300018310547,190.97738647460938,232.1699676513672
2025-02-07,361.6199951171875,406.7494812011719,229.14999389648438,184.7377166748047,226.60513305664062
2025-02-10,350.7300109863281,409.201416015625,233.13999938964844,185.8640594482422,226.8741912841797
2025-02-11,328.5,408.4270935058594,232.75999450683594,184.71780395507812,231.82725524902344
2025-02-12,336.510009765625,406.0447082519531,228.92999267578125,183.0133514404297,236.06277465820312
2025-02-13,355.94000244140625,407.53369140625,230.3699951171875,185.53512573242188,240.70689392089844
2025-02-14,355.8399963378906,405.43914794921875,228.67999267578125,184.62806701660156,243.76644897460938
2025-02-18,354.1099853515625,406.64031982421875,226.64999389648438,183.1728057861328,243.6368865966797
2025-02-19,360.55999755859375,411.73272705078125,226.6300048828125,184.66795349121094,244.03550720214844
2025-02-20,354.3999938964844,413.91107177734375,222.8800048828125,183.9602508544922,244.9922332763672
2025-02-21,337.79998779296875,406.03326416015625,216.5800018310547,179.076171875,244.71319580078125
2025-02-24,330.5299987792969,401.8457336425781,212.7100067138672,178.66749572753906,246.25791931152344
2025-02-25,302.79998779296875,395.77825927734375,212.8000030517578,174.84994506835938,246.1981201171875
2025-02-26,290.79998779296875,397.5985412597656,214.35000610351562,172.16868591308594,239.5408935546875
2025-02-27,281.95001220703125,390.4368896484375,208.74000549316406,167.9524383544922,236.49131774902344
2025-02-28,292.9800109863281,394.87310791015625,212.27999877929688,169.7266387939453,241.01583862304688
2025-03-03,284.6499938964844,386.4184265136719,205.02000427246094,166.46728515625,237.2188262939453
2025-03-04,272.0400085449219,386.53778076171875,203.8000030517578,170.3645782470703,235.1259765625
2025-03-05,279.1000061035156,398.8816223144531,208.36000061035156,172.45774841308594,234.93663024902344
2025-03-06,263.45001220703125,394.773681640625,200.6999969482422,171.78993225097656,234.5280303955078
2025-03-07,262.6700134277344,391.2127380371094,199.25,173.29502868652344,238.2552947998047
2025-03-10,222.14999389648438,378.1328430175781,194.5399932861328,165.52139282226562,226.70477294921875
2025-03-11,230.5800018310547,378.4213562011719,196.58999633789062,163.6952362060547,220.08740234375
2025-03-12,248.08999633789062,381.2262878417969,198.88999938964844,166.7587890625,216.24057006835938
2025-03-13,240.67999267578125,376.750244140625,193.88999938964844,162.41793823242188,208.96543884277344
2025-03-14,249.97999572753906,386.4880676269531,197.9499969482422,165.14219665527344,212.762451171875
2025-03-17,238.00999450683594,386.6273193359375,195.74000549316406,163.9447021484375,213.27073669433594
2025-03-18,225.30999755859375,381.4749450683594,192.82000732421875,160.3323211669922,211.96519470214844
2025-03-19,235.86000061035156,385.75201416015625,195.5399932861328,163.54556274414062,214.50650024414062
2025-03-20,236.25999450683594,384.7772521972656,194.9499969482422,162.45785522460938,213.37037658691406
2025-03-21,248.7100067138672,389.1736755371094,196.2100067138672,163.64535522460938,217.5261688232422
2025-03-24,278.3900146484375,390.98394775390625,203.25999450683594,167.3275909423828,219.97779846191406
2025-03-25,288.1400146484375,393.0528869628906,205.7100067138672,170.2015380859375,222.9875030517578
2025-03-26,272.05999755859375,387.89056396484375,201.1300048828125,164.7130889892578,220.77505493164062
2025-03-27,273.1300048828125,388.4972839355469,201.36000061035156,161.89903259277344,223.087158203125
2025-03-28,263.54998779296875,376.78009033203125,192.72000122070312,154.0056610107422,217.15740966796875
2025-03-31,259.1600036621094,373.3883056640625,190.25999450683594,154.31500244140625,221.37301635742188
2025-04-01,268.4599914550781,380.1520080566406,192.1699981689453,156.73989868164062,222.4293975830078
2025-04-02,282.760009765625,380.1023254394531,196.00999450683594,156.70994567871094,223.12701416015625
2025-04-03,267.2799987792969,371.12042236328125,178.41000366210938,150.4032440185547,202.49755859375
2025-04-04,239.42999267578125,357.92120361328125,171.0,145.29400634765625,187.738037109375
2025-04-07,233.2899932861328,355.9517822265625,175.25999450683594,146.4415740966797,180.84161376953125
2025-04-08,221.86000061035156,352.66937255859375,170.66000366210938,144.39588928222656,171.83242797851562
2025-04-09,272.20001220703125,388.40777587890625,191.10000610351562,158.37644958496094,198.17234802246094
2025-04-10,252.39999389648438,379.3165283203125,181.22000122070312,152.4988250732422,189.77105712890625
2025-04-11,252.30999755859375,386.378662109375,184.8699951171875,156.80975341796875,197.4747314453125
2025-04-14,252.35000610351562,385.7420654296875,182.1199951171875,158.73570251464844,201.829833984375
2025-04-15,254.11000061035156,383.6731872558594,179.58999633789062,155.9814910888672,201.45114135742188
2025-04-16,241.5500030517578,369.6284484863281,174.3300018310547,153.00775146484375,193.6079559326172
2025-04-17,241.3699951171875,365.8188781738281,172.61000061035156,150.84231567382812,196.3087158203125
2025-04-21,227.5,357.2050476074219,167.32000732421875,147.35964965820312,192.50172424316406
2025-04-22,237.97000122070312,364.864013671875,173.17999267578125,151.1516571044922,199.059326171875
2025-04-23,250.74000549316406,372.3936462402344,180.60000610351562,155.0235137939453,203.9027557373047
2025-04-24,259.510009765625,385.2347717285156,186.5399932861328,158.9452362060547,207.65989685058594
2025-04-25,284.95001220703125,389.7605285644531,188.99000549316406,161.61962890625,208.56678771972656
2025-04-28,285.8800048828125,389.07421875,187.6999969482422,160.2724609375,209.42388916015625
2025-04-29,292.0299987792969,391.9388732910156,187.38999938964844,159.8234100341797,210.490234375
2025-04-30,282.1600036621094,393.15234375,184.4199981689453,158.4662628173828,211.7758331298828
2025-05-01,280.5199890136719,423.1316223144531,190.1999969482422,160.96099853515625,212.59304809570312
2025-05-02,287.2099914550781,432.9589538574219,189.97999572753906,163.68527221679688,204.65020751953125
2025-05-05,280.260009765625,433.8442077636719,186.35000610351562,163.86489868164062,198.21221923828125
2025-05-06,275.3500061035156,430.99945068359375,185.00999450683594,162.88693237304688,197.83351135253906
2025-05-07,276.2200012207031,431.03924560546875,188.7100067138672,151.06185913085938,195.58120727539062
2025-05-08,284.82000732421875,435.83355712890625,192.0800018310547,153.9557647705078,196.81698608398438
2025-05-09,298.260009765625,436.3905334472656,193.05999755859375,152.42897033691406,197.8534393310547
2025-05-12,318.3800048828125,446.8644104003906,208.63999938964844,158.12696838378906,210.3471221923828
2025-05-13,334.07000732421875,446.74505615234375,211.3699951171875,159.19471740722656,212.48263549804688
2025-05-14,347.67999267578125,450.5247802734375,210.25,165.02244567871094,211.8839111328125
2025-05-15,342.82000732421875,451.54119873046875,205.1699981689453,163.61541748046875,211.00575256347656
2025-05-16,349.9800109863281,452.6772155761719,205.58999633789062,165.84072875976562,210.81614685058594
2025-05-19,342.0899963378906,457.26104736328125,206.16000366210938,166.1899871826172,208.3413543701172
2025-05-20,343.82000732421875,456.56353759765625,204.07000732421875,163.6353759765625,206.42539978027344
2025-05-21,334.6199951171875,450.983154296875,201.1199951171875,168.20574951171875,201.66542053222656
2025-05-22,341.0400085449219,453.26513671875,203.10000610351562,170.51089477539062,200.93695068359375
2025-05-23,339.3399963378906,448.6015625,200.99000549316406,168.11593627929688,194.8597412109375
2025-05-27,362.8900146484375,459.0746765136719,206.02000427246094,172.53662109375,199.78936767578125
2025-05-28,356.8999938964844,455.7563781738281,204.72000122070312,171.9977569580078,199.99893188476562
2025-05-29,358.42999267578125,457.0717468261719,205.6999969482422,171.49880981445312,199.5299072265625
2025-05-30,346.4599914550781,458.7458190917969,205.00999450683594,171.3790740966797,200.4280242919922
2025-06-02,342.69000244140625,460.3502197265625,206.64999389648438,168.6747589111328,201.27622985839844
2025-06-03,344.2699890136719,461.3467102050781,205.7100067138672,165.83074951171875,202.8429412841797
2025-06-04,332.04998779296875,462.2435302734375,207.22999572753906,167.69680786132812,202.3938751220703
2025-06-05,284.70001220703125,466.0401611328125,207.91000366210938,167.8564910888672,200.20848083496094
2025-06-06,295.1400146484375,468.730712890625,213.57000732421875,173.31497192382812,203.49156188964844
2025-06-09,308.5799865722656,471.0924072265625,216.97999572753906,175.93264770507812,201.02674865722656
2025-06-10,326.0899963378906,469.2688293457031,217.61000061035156,178.44041442871094,202.24420166015625
2025-06-11,326.42999267578125,470.9628601074219,213.1999969482422,177.1915283203125,198.36236572265625
2025-06-12,319.1099853515625,477.1909484863281,213.24000549316406,175.54299926757812,198.78147888183594
2025-06-13,325.30999755859375,473.2946472167969,212.10000610351562,174.513916015625,196.03726196289062
2025-06-16,329.1300048828125,477.46002197265625,216.10000610351562,176.61204528808594,198.0031280517578
2025-06-17,316.3500061035156,476.3638610839844,214.82000732421875,175.7927703857422,195.2289581298828
2025-06-18,322.04998779296875,478.5561218261719,212.52000427246094,173.16513061523438,196.1669921875
2025-06-20,322.1600036621094,475.7261047363281,209.69000244140625,166.4910888671875,200.5777130126953
2025-06-23,348.67999267578125,484.2959289550781,208.47000122070312,165.04238891601562,201.07664489746094
2025-06-24,340.4700012207031,488.3915100097656,212.77000427246094,166.62098693847656,199.87918090820312
2025-06-25,327.54998779296875,490.5439453125,211.99000549316406,170.52748107910156,201.1365203857422
2025-06-26,325.7799987792969,495.705810546875,217.1199951171875,173.38491821289062,200.5777130126953
2025-06-27,323.6300048828125,494.20111083984375,223.3000030517578,178.37046813964844,200.6575469970703
2025-06-30,317.6600036621094,495.66595458984375,219.38999938964844,176.07252502441406,204.7389373779297
2025-07-01,300.7099914550781,490.3247375488281,220.4600067138672,175.682861328125,207.3833770751953
2025-07-02,315.6499938964844,489.36810302734375,219.9199981689453,178.48036193847656,211.99366760253906
2025-07-03,315.3500061035156,497.0909423828125,223.41000366210938,179.36956787109375,213.10133361816406
2025-07-07,293.94000244140625,495.974853515625,223.47000122070312,176.63201904296875,209.50889587402344
2025-07-08,297.80999755859375,494.8786926269531,219.36000061035156,174.20419311523438,209.5687713623047
2025-07-09,295.8800048828125,501.74456787109375,222.5399932861328,176.46217346191406,210.69639587402344
2025-07-10,309.8699951171875,499.7216796875,222.25999450683594,177.46127319335938,211.9637451171875
2025-07-11,313.510009765625,501.55523681640625,225.02000427246094,180.02899169921875,210.7163543701172
2025-07-14,316.8999938964844,501.2562561035156,225.69000244140625,181.3977508544922,208.1816864013672
2025-07-15,310.7799987792969,504.04644775390625,226.35000610351562,181.83737182617188,208.67066955566406
2025-07-16,321.6700134277344,503.8471374511719,223.19000244140625,182.80650329589844,209.7184600830078
2025-07-17,319.4100036621094,509.9058532714844,223.8800048828125,183.41595458984375,209.57875061035156
2025-07-18,329.6499938964844,508.2616271972656,226.1300048828125,184.89462280273438,210.73631286621094
2025-07-21,328.489990234375,508.2715759277344,229.3000030517578,189.9301300048828,212.03358459472656
2025-07-22,332.1099853515625,503.4983825683594,227.47000122070312,191.1690216064453,213.9495391845703
2025-07-23,332.55999755859375,504.0962829589844,228.2899932861328,190.0600128173828,213.7000732421875
2025-07-24,305.29998779296875,509.0887145996094,232.22999572753906,191.99827575683594,213.31089782714844
2025-07-25,316.05999755859375,511.9088439941406,231.44000244140625,193.0073699951172,213.43064880371094
2025-07-28,325.5899963378906,510.7030334472656,232.7899932861328,192.4079132080078,213.6002960205078
2025-07-29,321.20001220703125,510.7727966308594,231.00999450683594,195.5750732421875,210.8261260986328
2025-07-30,319.0400085449219,511.4404296875,230.19000244140625,196.35438537597656,208.6107940673828
2025-07-31,308.2699890136719,531.62939453125,234.11000061035156,191.728515625,207.1339111328125
2025-08-01,302.6300048828125,522.2723388671875,214.75,188.96099853515625,201.95480346679688
2025-08-04,309.260009765625,533.7619018554688,211.64999389648438,194.86570739746094,202.9227752685547
2025-08-05,308.7200012207031,525.8995361328125,213.75,194.4960479736328,202.49366760253906
2025-08-06,319.9100036621094,523.0994262695312,222.30999755859375,195.91476440429688,212.8019561767578
2025-08-07,322.2699890136719,519.0138549804688,223.1300048828125,196.34439086914062,219.56771850585938
2025-08-08,329.6499938964844,520.2095947265625,222.69000244140625,201.24000549316406,228.86813354492188
2025-08-11,339.0299987792969,519.9405517578125,221.3000030517578,200.8203887939453,226.95997619628906
2025-08-12,340.8399963378906,527.3843383789062,221.47000122070312,203.15829467773438,229.42758178710938
2025-08-13,339.3800048828125,518.7547607421875,224.55999755859375,201.779541015625,233.10403442382812
2025-08-14,335.5799865722656,520.6480102539062,230.97999572753906,202.75865173339844,232.5545654296875
2025-08-15,330.55999755859375,518.3461303710938,231.02999877929688,203.71778869628906,231.36570739746094
2025-08-18,335.1600036621094,515.286865234375,231.49000549316406,203.3181610107422,230.66639709472656
2025-08-19,329.30999755859375,507.98260498046875,228.00999450683594,201.389892578125,230.3367156982422
2025-08-20,323.8999938964844,503.9468078613281,223.80999755859375,199.1418914794922,225.79110717773438
2025-08-21,320.1099853515625,503.2980041503906,221.9499969482422,199.57150268554688,224.68218994140625
2025-08-22,340.010009765625,506.2824401855469,228.83999633789062,205.9058380126953,227.53941345214844
2025-08-25,346.6000061035156,503.3179931640625,227.94000244140625,208.30369567871094,226.94000244140625
2025-08-26,351.6700134277344,501.1021423339844,228.7100067138672,206.95489501953125,229.08792114257812
2025-08-27,349.6000061035156,505.7933349609375,229.1199951171875,207.29458618164062,230.26678466796875
2025-08-28,345.9800109863281,508.68792724609375,231.60000610351562,211.4508819580078,232.33477783203125
2025-08-29,333.8699951171875,505.7434387207031,229.0,212.71974182128906,231.91517639160156
2025-09-02,329.3599853515625,504.1763610839844,225.33999633789062,211.16114807128906,229.49752807617188
2025-09-03,334.0899963378906,504.40594482421875,225.99000549316406,230.45388793945312,238.2390594482422
2025-09-04,338.5299987792969,507.02105712890625,235.67999267578125,232.09242248535156,239.5477752685547
2025-09-05,350.8399963378906,494.0752868652344,232.3300018310547,234.79000854492188,239.45787048339844
2025-09-08,346.3999938964844,497.2693176269531,235.83999633789062,234.0399932861328,237.64962768554688
2025-09-09,346.9700012207031,497.4789123535156,238.24000549316406,239.6300048828125,234.123046875
2025-09-10,347.7900085449219,499.43524169921875,230.3300018310547,239.1699981689453,226.5703582763672
2025-09-11,368.80999755859375,500.0740661621094,229.9499969482422,240.3699951171875,229.80722045898438
2025-09-12,395.94000244140625,508.94744873046875,228.14999389648438,240.8000030517578,233.84332275390625
2025-09-15,410.0400085449219,514.397216796875,231.42999267578125,251.61000061035156,236.47076416015625
2025-09-16,421.6199951171875,508.08905029296875,234.0500030517578,251.16000366210938,237.9193572998047
2025-09-17,425.8599853515625,509.06719970703125,231.6199951171875,249.52999877929688,238.75856018066406
2025-09-18,416.8500061035156,507.5001525878906,231.22999572753906,252.02999877929688,237.64962768554688
2025-09-19,426.07000732421875,516.96240234375,231.47999572753906,254.72000122070312,245.26223754882812
2025-09-22,434.2099914550781,513.4889526367188,227.6300048828125,252.52999877929688,255.8319854736328
2025-09-23,425.8500061035156,508.2787170410156,220.7100067138672,251.66000366210938,254.18359375
2025-09-24,442.7900085449219,509.19696044921875,220.2100067138672,247.13999938964844,252.06564331054688
2025-09-25,423.3900146484375,506.0827941894531,218.14999389648438,245.7899932861328,256.6212158203125
2025-09-26,440.3999938964844,510.5045166015625,219.77999877929688,246.5399932861328,255.2126007080078
2025-09-29,443.2099914550781,513.6386108398438,222.1699981689453,244.0500030517578,254.18359375
2025-09-30,444.7200012207031,516.982421875,219.57000732421875,243.10000610351562,254.38340759277344
2025-10-01,459.4599914550781,518.7391357421875,220.6300048828125,244.89999389648438,255.20260620117188
2025-10-02,436.0,514.7765502929688,222.41000366210938,245.69000244140625,256.8809814453125
2025-10-03,429.8299865722656,516.3834838867188,219.50999450683594,245.35000610351562,257.7701110839844
2025-10-06,453.25,527.5825805664062,220.89999389648438,250.42999267578125,256.44140625
2025-10-07,433.0899963378906,523.0010986328125,221.77999877929688,245.75999450683594,256.23162841796875
2025-10-08,438.69000244140625,523.8695068359375,225.22000122070312,244.6199951171875,257.8100891113281
2025-10-09,435.5400085449219,521.4241333007812,227.74000549316406,241.52999877929688,253.79396057128906
2025-10-10,413.489990234375,510.0054626464844,216.3699951171875,236.57000732421875,245.032470703125
2025-10-13,435.8999938964844,513.0896606445312,220.07000732421875,244.14999389648438,247.42015075683594
2025-10-14,429.239990234375,512.610595703125,216.38999938964844,245.4499969482422,247.53004455566406
2025-10-15,435.1499938964844,512.4708251953125,215.57000732421875,251.02999877929688,249.09852600097656
2025-10-16,428.75,510.65423583984375,214.47000122070312,251.4600067138672,247.21035766601562
2025-10-17,439.30999755859375,512.62060546875,213.0399932861328,253.3000030517578,252.045654296875
2025-10-20,447.42999267578125,515.8245239257812,216.47999572753906,256.54998779296875,261.98602294921875
2025-10-21,442.6000061035156,516.6929321289062,222.02999877929688,250.4600067138672,262.5155029296875
2025-10-22,438.9700012207031,519.5675659179688,217.9499969482422,251.69000244140625,258.19970703125
2025-10-23,448.9800109863281,519.5875244140625,221.08999633789062,253.0800018310547,259.3285827636719
2025-10-24,433.7200012207031,522.6318359375,224.2100067138672,259.9200134277344,262.56549072265625
2025-10-27,452.4200134277344,530.527099609375,226.97000122070312,269.2699890136719,268.5496520996094
2025-10-28,460.54998779296875,541.057373046875,229.25,267.4700012207031,268.7394714355469
2025-10-29,461.510009765625,540.538330078125,230.3000030517578,274.57000732421875,269.4388122558594
2025-10-30,440.1000061035156,524.77783203125,222.86000061035156,281.4800109863281,271.13714599609375
2025-10-31,456.55999755859375,516.8426513671875,244.22000122070312,281.19000244140625,270.108154296875
2025-11-03,468.3699951171875,516.0641479492188,254.0,283.7200012207031,268.7894287109375
2025-11-04,444.260009765625,513.3692016601562,249.32000732421875,277.5400085449219,269.7784729003906
2025-11-05,462.07000732421875,506.2125549316406,250.1999969482422,284.30999755859375,269.8783874511719
2025-11-06,445.9100036621094,496.1713562011719,243.0399932861328,284.75,269.50872802734375
2025-11-07,429.5199890136719,495.8918762207031,244.41000366210938,278.8299865722656,268.2099914550781
2025-11-10,445.2300109863281,505.0547180175781,248.39999389648438,290.1000061035156,269.42999267578125
2025-11-11,439.6199951171875,507.7297058105469,249.10000610351562,291.30999755859375,275.25
2025-11-12,430.6000061035156,510.1851501464844,244.1999969482422,286.7099914550781,273.4700012207031
2025-11-13,401.989990234375,502.34979248046875,237.5800018310547,278.57000732421875,272.95001220703125
2025-11-14,404.3500061035156,509.2268981933594,234.69000244140625,276.4100036621094,272.4100036621094
2025-11-17,408.9200134277344,506.54193115234375,232.8699951171875,285.0199890136719,267.4599914550781
2025-11-18,401.25,492.8675537109375,222.5500030517578,284.2799987792969,267.44000244140625
2025-11-19,403.989990234375,486.2099914550781,222.69000244140625,292.80999755859375,268.55999755859375
2025-11-20,395.2300109863281,478.42999267578125,217.13999938964844,289.45001220703125,266.25
2025-11-21,391.0899963378906,472.1199951171875,220.69000244140625,299.6600036621094,271.489990234375
2025-11-24,417.7799987792969,474.0,226.27999877929688,318.5799865722656,275.9200134277344
2025-11-25,419.3999938964844,476.989990234375,229.6699981689453,323.44000244140625,276.9700012207031
2025-11-26,426.5799865722656,485.5,229.16000366210938,319.95001220703125,277.54998779296875
2025-11-28,430.1700134277344,492.010009765625,233.22000122070312,320.17999267578125,278.8500061035156
2025-12-01,430.1400146484375,486.739990234375,233.8800048828125,314.8900146484375,283.1000061035156
2025-12-02,429.239990234375,490.0,234.4199981689453,315.80999755859375,286.19000244140625
2025-12-03,446.739990234375,477.7300109863281,232.3800048828125,319.6300048828125,284.1499938964844
